{"cameraMode":{"drawMode":0,"name":"Shaded","section":"Shading Mode"},"sceneLighting":true,"audioPlay":false,"sceneViewState":{"m_AlwaysRefresh":false,"showFog":true,"showSkybox":true,"showFlares":true,"showImageEffects":true,"showParticleSystems":true,"showVisualEffectGraphs":true,"m_FxEnabled":true},"in2DMode":false,"pivot":{"x":304.46697998046877,"y":39.90423583984375,"z":239.18873596191407},"rotation":{"x":0.19028694927692414,"y":-0.5997478365898132,"z":0.14964473247528077,"w":0.7627346515655518},"size":94.07428741455078,"orthographic":false}